Id,Price,Class,Sub_Class,Latitude,Longitude,Park_Proximity,Location,Sub_Location,Transportation_Access,Radius,Image_Path
World Premiere Food Court,Medium $$,Dining,,28.3358863,-81.5722088,Animal Kingdom,All Star Movies,All Star Movies,Bus,10,
Grandstand Spirits,Medium $$,Dining,,28.3436338,-81.5752405,Animal Kingdom,All Star Movies,All Star Movies,Bus,10,
All Star Movies,Value $,Resort,,28.3358863,-81.5722088,Animal Kingdom,All Star Movies,All Star Movies,Bus,10,
Silver Screen Spirits,Medium $$,Dining,,28.3358863,-81.5722088,Animal Kingdom,All Star Music,All Star Music,Bus,10,
Singing Spirits,Medium $$,Dining,,28.3387575,-81.5764176,Animal Kingdom,All Star Music,All Star Music,Bus,10,
All Star Music,Value $,Resort,,28.3387575,-81.5764176,Animal Kingdom,All Star Music,All Star Music,Bus,10,
Intermission Food Court,Medium $$,Dining,,28.3358863,-81.5722088,Animal Kingdom,All Star Sports,All Star Sports,Bus,10,
End Zone Food Court,Medium $$,Dining,,28.3436338,-81.5752405,Animal Kingdom,All Star Sports,All Star Sports,Bus,10,
All Star Sports,Value $,Resort,,28.3436338,-81.5752405,Animal Kingdom,All Star Sports,All Star Sports,Bus,10,
Animal Kingdom,$109/Day,Park,,28.3574423,-81.5905788,Animal Kingdom,Animal Kingdom,Animal Kingdom,Bus,20,
Tiffins,High $$$,Dining,,28.3574423,-81.5905788,Animal Kingdom,Animal Kingdom,Discovery Island,Bus,10,
Anandapur Ice Cream Truck,Medium $$,Dining,,28.3574423,-81.5905788,Animal Kingdom,Animal Kingdom,Asia,Bus,10,
Caravan Road,Medium $$,Dining,,28.3574423,-81.5905788,Animal Kingdom,Animal Kingdom,Asia,Bus,10,
Dawa Bar,Medium $$,Dining,,28.3574423,-81.5905788,Animal Kingdom,Animal Kingdom,Africa,Bus,10,
Drinkwallah,Medium $$,Dining,,28.3574423,-81.5905788,Animal Kingdom,Animal Kingdom,Asia,Bus,10,
Harambe Fruit Market,Medium $$,Dining,,28.3574423,-81.5905788,Animal Kingdom,Animal Kingdom,Africa,Bus,10,
Isle of Java,Medium $$,Dining,,28.3574423,-81.5905788,Animal Kingdom,Animal Kingdom,Discovery Island,Bus,10,
Mahindi,Medium $$,Dining,,28.3574423,-81.5905788,Animal Kingdom,Animal Kingdom,Africa,Bus,10,
Nomad Lounge,Medium $$,Dining,,28.3574423,-81.5905788,Animal Kingdom,Animal Kingdom,Discovery Island,Bus,10,
Rainforest Café,Medium $$,Dining,,28.3574423,-81.5905788,Animal Kingdom,Animal Kingdom,Oasis,Bus,10,
Tamu Tamu Refreshments,Medium $$,Dining,,28.3574423,-81.5905788,Animal Kingdom,Animal Kingdom,Africa,Bus,10,
Thirsty River Bar & Trek Snacks,Medium $$,Dining,,28.3574423,-81.5905788,Animal Kingdom,Animal Kingdom,Asia,Bus,10,
Trilo Bites,Medium $$,Dining,,28.3574423,-81.5905788,Animal Kingdom,Animal Kingdom,Dinoland USA,Bus,10,
Tusker House Restaurant,Medium $$,Dining,,28.3574423,-81.5905788,Animal Kingdom,Animal Kingdom,Africa,Bus,10,
Warung Outpost,Medium $$,Dining,,28.3574423,-81.5905788,Animal Kingdom,Animal Kingdom,Asia,Bus,10,
Yak & Yeti,Medium $$,Dining,,28.3574423,-81.5905788,Animal Kingdom,Animal Kingdom,Asia,Bus,10,
Island Mercantile,Medium $$,Shopping,,28.3574423,-81.5905788,Animal Kingdom,Animal Kingdom,Discovery Island,Bus,10,
Discovery Trading Company,Medium $$,Shopping,,28.3574423,-81.5905788,Animal Kingdom,Animal Kingdom,Discovery Island,Bus,10,
Windtraders,Medium $$,Shopping,,28.3574423,-81.5905788,Animal Kingdom,Animal Kingdom,Pandora The World of Avatar,Bus,10,
Mombasa Marketplace,Medium $$,Shopping,,28.3574423,-81.5905788,Animal Kingdom,Animal Kingdom,Africa,Bus,10,
Zuri's Sweets Shop,Medium $$,Shopping,,28.3574423,-81.5905788,Animal Kingdom,Animal Kingdom,Africa,Bus,10,
Mandala Gifts,Medium $$,Shopping,,28.3574423,-81.5905788,Animal Kingdom,Animal Kingdom,Asia,Bus,10,
Serka Zong Bazaar,Medium $$,Shopping,,28.3574423,-81.5905788,Animal Kingdom,Animal Kingdom,Asia,Bus,10,
Chester & Hester's Dinosaur Treasures,Medium $$,Shopping,,28.3574423,-81.5905788,Animal Kingdom,Animal Kingdom,Dinoland USA,Bus,10,
The Dino Institute Shop,Medium $$,Shopping,,28.3574423,-81.5905788,Animal Kingdom,Animal Kingdom,Dinoland USA,Bus,10,
Barbirusa,None,Animal Highlights,,28.3574423,-81.5905788,Animal Kingdom,Animal Kingdom,Oasis,Bus,10,
Spoonbill,None,Animal Highlights,,28.3574423,-81.5905788,Animal Kingdom,Animal Kingdom,Oasis,Bus,10,
Anteater,None,Animal Highlights,,28.3574423,-81.5905788,Animal Kingdom,Animal Kingdom,Oasis,Bus,10,
Otter,None,Animal Highlights,,28.3574423,-81.5905788,Animal Kingdom,Animal Kingdom,Discovery Island,Bus,10,
Cotton-top Tamarin,None,Animal Highlights,,28.3574423,-81.5905788,Animal Kingdom,Animal Kingdom,Discovery Island,Bus,10,
Lemur,None,Animal Highlights,,28.3574423,-81.5905788,Animal Kingdom,Animal Kingdom,Discovery Island,Bus,10,
Flamingo,None,Animal Highlights,,28.3574423,-81.5905788,Animal Kingdom,Animal Kingdom,Discovery Island,Bus,10,
Elephant,None,Animal Highlights,,28.3574423,-81.5905788,Animal Kingdom,Animal Kingdom,Africa,Bus,10,
Lion,None,Animal Highlights,,28.3574423,-81.5905788,Animal Kingdom,Animal Kingdom,Africa,Bus,10,
Gorilla,None,Animal Highlights,,28.3574423,-81.5905788,Animal Kingdom,Animal Kingdom,Africa,Bus,10,
Giraffe,None,Animal Highlights,,28.3574423,-81.5905788,Animal Kingdom,Animal Kingdom,Africa,Bus,10,
Hippopotamus,None,Animal Highlights,,28.3574423,-81.5905788,Animal Kingdom,Animal Kingdom,Africa,Bus,10,
Colobus Monkey,None,Animal Highlights,,28.3574423,-81.5905788,Animal Kingdom,Animal Kingdom,Africa,Bus,10,
Okapi,None,Animal Highlights,,28.3574423,-81.5905788,Animal Kingdom,Animal Kingdom,Africa,Bus,10,
Tarantula,None,Animal Highlights,,28.3574423,-81.5905788,Animal Kingdom,Animal Kingdom,Africa,Bus,10,
Goat,None,Animal Highlights,,28.3574423,-81.5905788,Animal Kingdom,Animal Kingdom,Africa,Bus,10,
Tiger,None,Animal Highlights,,28.3574423,-81.5905788,Animal Kingdom,Animal Kingdom,Asia,Bus,10,
Bat,None,Animal Highlights,,28.3574423,-81.5905788,Animal Kingdom,Animal Kingdom,Asia,Bus,10,
Gibbon,None,Animal Highlights,,28.3574423,-81.5905788,Animal Kingdom,Animal Kingdom,Asia,Bus,10,
Komodo Dragon,None,Animal Highlights,,28.3574423,-81.5905788,Animal Kingdom,Animal Kingdom,Asia,Bus,10,
Lion-tailed Macaque,None,Animal Highlights,,28.3574423,-81.5905788,Animal Kingdom,Animal Kingdom,Asia,Bus,10,
Exotic Birds,None,Animal Highlights,,28.3574423,-81.5905788,Animal Kingdom,Animal Kingdom,Asia,Bus,10,
American Crocodile,None,Animal Highlights,,28.3574423,-81.5905788,Animal Kingdom,Animal Kingdom,Dinoland USA,Bus,10,
Tyrannosaurus Rex,None,Animal Highlights,,28.3574423,-81.5905788,Animal Kingdom,Animal Kingdom,Dinoland USA,Bus,10,
Oasis Exhibits,None,Attraction,,28.3574423,-81.5905788,Animal Kingdom,Animal Kingdom,Oasis,Bus,10,
Wilderness Explorers,None,Attraction,,28.3574423,-81.5905788,Animal Kingdom,Animal Kingdom,Discovery Island,Bus,10,
It's Tought to be a Bug!,None,Attraction,,28.3574423,-81.5905788,Animal Kingdom,Animal Kingdom,Discovery Island,Bus,10,
Discovery Island Trails,None,Attraction,,28.3574423,-81.5905788,Animal Kingdom,Animal Kingdom,Discovery Island,Bus,10,
Adventurers Outpost,None,Attraction,,28.3574423,-81.5905788,Animal Kingdom,Animal Kingdom,Discovery Island,Bus,10,
Na'vi River Journey,None,Attraction,,28.3574423,-81.5905788,Animal Kingdom,Animal Kingdom,Pandora The World of Avatar,Bus,10,
Avatar Flight of Passage,None,Attraction,,28.3574423,-81.5905788,Animal Kingdom,Animal Kingdom,Pandora The World of Avatar,Bus,10,
Festival of the Lion King,None,Attraction,,28.3574423,-81.5905788,Animal Kingdom,Animal Kingdom,Africa,Bus,10,
Kilimanjaro Safaris,None,Attraction,,28.3574423,-81.5905788,Animal Kingdom,Animal Kingdom,Africa,Bus,10,
Gorilla Falls Exploration Trail,None,Attraction,,28.3574423,-81.5905788,Animal Kingdom,Animal Kingdom,Africa,Bus,10,
Rafiki's Planet Watch Conservation Station,None,Attraction,,28.3574423,-81.5905788,Animal Kingdom,Animal Kingdom,Africa,Bus,10,
Rafiki's Planet Watch The Animal Experience at Conservation Station,None,Attraction,,28.3574423,-81.5905788,Animal Kingdom,Animal Kingdom,Africa,Bus,10,
Rafiki's Planet Watch Affection Section,None,Attraction,,28.3574423,-81.5905788,Animal Kingdom,Animal Kingdom,Africa,Bus,10,
Feathered Friends in Flight,None,Attraction,,28.3574423,-81.5905788,Animal Kingdom,Animal Kingdom,Asia,Bus,10,
Maharajah Jungle Trek,None,Attraction,,28.3574423,-81.5905788,Animal Kingdom,Animal Kingdom,Asia,Bus,10,
Kali River Rapids,None,Attraction,,28.3574423,-81.5905788,Animal Kingdom,Animal Kingdom,Asia,Bus,10,
Expedition Everest Legend of the Forbidden Mountain,None,Attraction,,28.3574423,-81.5905788,Animal Kingdom,Animal Kingdom,Asia,Bus,10,
Disney Kite Tails,None,Attraction,,28.3574423,-81.5905788,Animal Kingdom,Animal Kingdom,Dinoland USA,Bus,10,
The Boneyard,None,Attraction,,28.3574423,-81.5905788,Animal Kingdom,Animal Kingdom,Dinoland USA,Bus,10,
Fossil Fun Games,None,Attraction,,28.3574423,-81.5905788,Animal Kingdom,Animal Kingdom,Dinoland USA,Bus,10,
Finding Nemo The Big Blue and Beyond!,None,Attraction,,28.3574423,-81.5905788,Animal Kingdom,Animal Kingdom,Dinoland USA,Bus,10,
TriceraTop Spin,None,Attraction,,28.3574423,-81.5905788,Animal Kingdom,Animal Kingdom,Dinoland USA,Bus,10,
Dinosaur,None,Attraction,,28.3574423,-81.5905788,Animal Kingdom,Animal Kingdom,Dinoland USA,Bus,10,
Eight Spoon Café,Value $,Dining,,28.3574423,-81.5905788,Animal Kingdom,Animal Kingdom,Discovery Island,Bus,10,
Pizzafari,Value $,Dining,,28.3574423,-81.5905788,Animal Kingdom,Animal Kingdom,Discovery Island,Bus,10,
Pongu Pongu,Value $,Dining,,28.3574423,-81.5905788,Animal Kingdom,Animal Kingdom,Pandora The World of Avatar,Bus,10,
Terra Treats,Value $,Dining,,28.3574423,-81.5905788,Animal Kingdom,Animal Kingdom,Discovery Island,Bus,10,
The Smiling Crocodile,Value $,Dining,,28.3574423,-81.5905788,Animal Kingdom,Animal Kingdom,Discovery Island,Bus,10,
Flame Tree BBQ,Value $,Dining,,28.3574423,-81.5905788,Animal Kingdom,Animal Kingdom,Discovery Island,Bus,10,
Kusafiri Coffee Shop & Bakery,Value $,Dining,,28.3574423,-81.5905788,Animal Kingdom,Animal Kingdom,Africa,Bus,10,
Restaurantosaurus Burgers & Sundaes,Value $,Dining,,28.3574423,-81.5905788,Animal Kingdom,Animal Kingdom,Dinoland USA,Bus,10,
Satu'li Canteen,Value $,Dining,,28.3574423,-81.5905788,Animal Kingdom,Animal Kingdom,Pandora The World of Avatar,Bus,10,
Garden Gate Gifts,Value $,Shopping,,28.3574423,-81.5905788,Animal Kingdom,Animal Kingdom,Oasis,Bus,10,
Jiko - The Cooking Place,High $$$,Dining,,28.3530369,-81.6040432,Animal Kingdom,Animal Kingdom Lodge,Animal Kingdom Lodge,Bus,10,
Animal Kingdom Lodge,Deluxe $$$,Resort,,28.3530369,-81.6040432,Animal Kingdom,Animal Kingdom Lodge,Animal Kingdom Lodge,Bus,10,
Boma,Medium $$,Dining,,28.3530369,-81.6040432,Animal Kingdom,Animal Kingdom Lodge,Animal Kingdom Lodge,Bus,10,
Maji Pool Bar,Medium $$,Dining,,28.3530369,-81.6040432,Animal Kingdom,Animal Kingdom Lodge,Animal Kingdom Lodge,Bus,10,
Sanaa,Medium $$,Dining,,28.3530369,-81.6040432,Animal Kingdom,Animal Kingdom Lodge,Animal Kingdom Lodge,Bus,10,
The Mara,Medium $$,Dining,,28.3530369,-81.6040432,Animal Kingdom,Animal Kingdom Lodge,Animal Kingdom Lodge,Bus,10,
Uzima Springs Pool Bar,Medium $$,Dining,,28.3530369,-81.6040432,Animal Kingdom,Animal Kingdom Lodge,Animal Kingdom Lodge,Bus,10,
Victoria Falls Lounge,Medium $$,Dining,,28.3530369,-81.6040432,Animal Kingdom,Animal Kingdom Lodge,Animal Kingdom Lodge,Bus,10,
Landscape of Flavors,Medium $$,Dining,,28.3504096,-81.5484489,Hollywood Studios,Art of Animation,Art of Animation,"Bus, Skyliner",10,
Art of Animation,Value $,Resort,,28.3504096,-81.5484489,Hollywood Studios,Art of Animation,Art of Animation,"Bus, Skyliner",10,
Beach Club,Deluxe $$$,Resort,,28.3713746,-81.5564248,Epcot,Beach Club,Beach Club,"Bus, Skyliner",10,
Beach Club Marketplace,Medium $$,Dining,,28.3713746,-81.5564248,Epcot,Beach Club,Beach Club,"Bus, Skyliner",10,
Cape May Café,Medium $$,Dining,,28.3713746,-81.5564248,Epcot,Beach Club,Beach Club,"Bus, Skyliner",10,
Martha's Vineyard Lounge,Medium $$,Dining,,28.3713746,-81.5564248,Epcot,Beach Club,Beach Club,"Bus, Skyliner",10,
Flying Fish,High $$$,Dining,,28.3659835,-81.5560201,Epcot,Boardwalk Inn,Boardwalk Inn,"Bus, Skyliner",10,
Boardwalk Inn,Deluxe $$$,Resort,,28.3659835,-81.5560201,Epcot,Boardwalk Inn,Boardwalk Inn,"Bus, Skyliner",10,
AbracadaBAR,Medium $$,Dining,,28.3659835,-81.5560201,Epcot,Boardwalk Inn,Boardwalk Inn,"Bus, Skyliner",10,
Big River Grille & Brewing Works,Medium $$,Dining,,28.3659835,-81.5560201,Epcot,Boardwalk Inn,Boardwalk Inn,"Bus, Skyliner",10,
Boardwalk Deli,Medium $$,Dining,,28.3659835,-81.5560201,Epcot,Boardwalk Inn,Boardwalk Inn,"Bus, Skyliner",10,
Boardwalk Ice Cream,Medium $$,Dining,,28.3659835,-81.5560201,Epcot,Boardwalk Inn,Boardwalk Inn,"Bus, Skyliner",10,
Boardwalk Pizza Window,Medium $$,Dining,,28.3659835,-81.5560201,Epcot,Boardwalk Inn,Boardwalk Inn,"Bus, Skyliner",10,
ESPN Club,Medium $$,Dining,,28.3659835,-81.5560201,Epcot,Boardwalk Inn,Boardwalk Inn,"Bus, Skyliner",10,
Leaping Horse Libations,Medium $$,Dining,,28.3659835,-81.5560201,Epcot,Boardwalk Inn,Boardwalk Inn,"Bus, Skyliner",10,
Trattoria al Forno,Medium $$,Dining,,28.3659835,-81.5560201,Epcot,Boardwalk Inn,Boardwalk Inn,"Bus, Skyliner",10,
Banana Cabana,Medium $$,Dining,,28.3626045,-81.5418308,Hollywood Studios,Caribbean Beach,Caribbean Beach,"Bus, Skyliner",10,
Centertown Market,Medium $$,Dining,,28.3626045,-81.5418308,Hollywood Studios,Caribbean Beach,Caribbean Beach,"Bus, Skyliner",10,
Sebastian's Bistro,Medium $$,Dining,,28.3626045,-81.5418308,Hollywood Studios,Caribbean Beach,Caribbean Beach,"Bus, Skyliner",10,
Spyglass Grill,Medium $$,Dining,,28.3626045,-81.5418308,Hollywood Studios,Caribbean Beach,Caribbean Beach,"Bus, Skyliner",10,
Caribbean Beach,Moderate $$,Resort,,28.3626045,-81.5418308,Hollywood Studios,Caribbean Beach,Caribbean Beach,"Bus, Skyliner",10,
California Grill,High $$$,Dining,,28.4148847,-81.5746871,Magic Kingdom,Contemporary,Contemporary,"Bus, Boat, Monorail",10,
Contemporary,Deluxe $$$,Resort,,28.4148847,-81.5746871,Magic Kingdom,Contemporary,Contemporary,"Bus, Boat, Monorail",10,
Chef Mickey's Buffet,Medium $$,Dining,,28.4148847,-81.5746871,Magic Kingdom,Contemporary,Contemporary,"Bus, Boat, Monorail",10,
Contempo Café,Medium $$,Dining,,28.4148847,-81.5746871,Magic Kingdom,Contemporary,Contemporary,"Bus, Boat, Monorail",10,
Cove Bar,Medium $$,Dining,,28.4148847,-81.5746871,Magic Kingdom,Contemporary,Contemporary,"Bus, Boat, Monorail",10,
Outer Rim,Medium $$,Dining,,28.4148847,-81.5746871,Magic Kingdom,Contemporary,Contemporary,"Bus, Boat, Monorail",10,
Sand Bar,Medium $$,Dining,,28.4148847,-81.5746871,Magic Kingdom,Contemporary,Contemporary,"Bus, Boat, Monorail",10,
Steakhouse 71,Medium $$,Dining,,28.4148847,-81.5746871,Magic Kingdom,Contemporary,Contemporary,"Bus, Boat, Monorail",10,
Steakhouse 71 Lounge,Medium $$,Dining,,28.4148847,-81.5746871,Magic Kingdom,Contemporary,Contemporary,"Bus, Boat, Monorail",10,
Barcelona Lounge,Medium $$,Dining,,28.3622532,-81.573441,Animal Kingdom,Coronado Springs,Coronado Springs,Bus,10,
Dahlia Lounge,Medium $$,Dining,,28.3622532,-81.573441,Animal Kingdom,Coronado Springs,Coronado Springs,Bus,10,
El Mercado de Coronado,Medium $$,Dining,,28.3622532,-81.573441,Animal Kingdom,Coronado Springs,Coronado Springs,Bus,10,
Maya Grill,Medium $$,Dining,,28.3622532,-81.573441,Animal Kingdom,Coronado Springs,Coronado Springs,Bus,10,
Rix Café,Medium $$,Dining,,28.3622532,-81.573441,Animal Kingdom,Coronado Springs,Coronado Springs,Bus,10,
Rix Sports Bar & Grill,Medium $$,Dining,,28.3622532,-81.573441,Animal Kingdom,Coronado Springs,Coronado Springs,Bus,10,
Siestas Cantina,Medium $$,Dining,,28.3622532,-81.573441,Animal Kingdom,Coronado Springs,Coronado Springs,Bus,10,
the Laguna Bar,Medium $$,Dining,,28.3622532,-81.573441,Animal Kingdom,Coronado Springs,Coronado Springs,Bus,10,
Three Bridges Bar & Grill,Medium $$,Dining,,28.3622532,-81.573441,Animal Kingdom,Coronado Springs,Coronado Springs,Bus,10,
Toledo,Medium $$,Dining,,28.3622532,-81.573441,Animal Kingdom,Coronado Springs,Coronado Springs,Bus,10,
Coronado Springs,Moderate $$,Resort,,28.3622532,-81.573441,Animal Kingdom,Coronado Springs,Coronado Springs,Bus,10,
Jaleo,High $$$,Dining,,28.3705684,-81.5193588,Disney Springs,Disney Springs,Disney Springs,"Bus, Boat",10,
Morimoto Asia,High $$$,Dining,,28.3705684,-81.5193588,Disney Springs,Disney Springs,Disney Springs,"Bus, Boat",10,
Paddlefish,High $$$,Dining,,28.3705684,-81.5193588,Disney Springs,Disney Springs,Disney Springs,"Bus, Boat",10,
STK Orlando,High $$$,Dining,,28.3705684,-81.5193588,Disney Springs,Disney Springs,Disney Springs,"Bus, Boat",10,
The Boathouse,High $$$,Dining,,28.3705684,-81.5193588,Disney Springs,Disney Springs,Disney Springs,"Bus, Boat",10,
Wolfgang Puck Bar & Grill,High $$$,Dining,,28.3705684,-81.5193588,Disney Springs,Disney Springs,Disney Springs,"Bus, Boat",10,
4R Cantina Barbacoa Food Truck,Medium $$,Dining,,28.3705684,-81.5193588,Disney Springs,Disney Springs,Disney Springs,"Bus, Boat",10,
AMC Dine-In Theater/MacGUFFINS,Medium $$,Dining,,28.3705684,-81.5193588,Disney Springs,Disney Springs,Disney Springs,"Bus, Boat",10,
Amorette's Patisserie,Medium $$,Dining,,28.3705684,-81.5193588,Disney Springs,Disney Springs,Disney Springs,"Bus, Boat",10,
AristoCrepes,Medium $$,Dining,,28.3705684,-81.5193588,Disney Springs,Disney Springs,Disney Springs,"Bus, Boat",10,
BB Wolf's Sausage Co.,Medium $$,Dining,,28.3705684,-81.5193588,Disney Springs,Disney Springs,Disney Springs,"Bus, Boat",10,
Beatrix,Medium $$,Dining,,28.3705684,-81.5193588,Disney Springs,Disney Springs,Disney Springs,"Bus, Boat",10,
Blaze Fast-Fired Pizza,Medium $$,Dining,,28.3705684,-81.5193588,Disney Springs,Disney Springs,Disney Springs,"Bus, Boat",10,
Chef Art Smith's Homecomin',Medium $$,Dining,,28.3705684,-81.5193588,Disney Springs,Disney Springs,Disney Springs,"Bus, Boat",10,
Chicken Guy!,Medium $$,Dining,,28.3705684,-81.5193588,Disney Springs,Disney Springs,Disney Springs,"Bus, Boat",10,
City Works Eatery & Pour House,Medium $$,Dining,,28.3705684,-81.5193588,Disney Springs,Disney Springs,Disney Springs,"Bus, Boat",10,
Cookes of Dublin,Medium $$,Dining,,28.3705684,-81.5193588,Disney Springs,Disney Springs,Disney Springs,"Bus, Boat",10,
Cookie Dough & Everything Sweet,Medium $$,Dining,,28.3705684,-81.5193588,Disney Springs,Disney Springs,Disney Springs,"Bus, Boat",10,
D-Luxe Burger,Medium $$,Dining,,28.3705684,-81.5193588,Disney Springs,Disney Springs,Disney Springs,"Bus, Boat",10,
Disney Food Trucks,Medium $$,Dining,,28.3705684,-81.5193588,Disney Springs,Disney Springs,Disney Springs,"Bus, Boat",10,
Earl of Sandwich,Medium $$,Dining,,28.3705684,-81.5193588,Disney Springs,Disney Springs,Disney Springs,"Bus, Boat",10,
Enzo's Hideaway Tunnel Bar,Medium $$,Dining,,28.3705684,-81.5193588,Disney Springs,Disney Springs,Disney Springs,"Bus, Boat",10,
Everglazed Donuts & Cold Brew,Medium $$,Dining,,28.3705684,-81.5193588,Disney Springs,Disney Springs,Disney Springs,"Bus, Boat",10,
Florida Snow Company Cart,Medium $$,Dining,,28.3705684,-81.5193588,Disney Springs,Disney Springs,Disney Springs,"Bus, Boat",10,
Frontera Cocina,Medium $$,Dining,,28.3705684,-81.5193588,Disney Springs,Disney Springs,Disney Springs,"Bus, Boat",10,
Ghiradelli Soda Fountain,Medium $$,Dining,,28.3705684,-81.5193588,Disney Springs,Disney Springs,Disney Springs,"Bus, Boat",10,
Gideon's Bakehouse,Medium $$,Dining,,28.3705684,-81.5193588,Disney Springs,Disney Springs,Disney Springs,"Bus, Boat",10,
Haagen_Dazs at Disney Springs West Side,Medium $$,Dining,,28.3705684,-81.5193588,Disney Springs,Disney Springs,Disney Springs,"Bus, Boat",10,
House of Blues Restaurant & Bar,Medium $$,Dining,,28.3705684,-81.5193588,Disney Springs,Disney Springs,Disney Springs,"Bus, Boat",10,
Jock Lindsey's Hangar Bar,Medium $$,Dining,,28.3705684,-81.5193588,Disney Springs,Disney Springs,Disney Springs,"Bus, Boat",10,
Lava Lounge,Medium $$,Dining,,28.3705684,-81.5193588,Disney Springs,Disney Springs,Disney Springs,"Bus, Boat",10,
Maria & Enzo's Ristorante,Medium $$,Dining,,28.3705684,-81.5193588,Disney Springs,Disney Springs,Disney Springs,"Bus, Boat",10,
Morimoto Street Food,Medium $$,Dining,,28.3705684,-81.5193588,Disney Springs,Disney Springs,Disney Springs,"Bus, Boat",10,
Paradiso 37,Medium $$,Dining,,28.3705684,-81.5193588,Disney Springs,Disney Springs,Disney Springs,"Bus, Boat",10,
Pepe,Medium $$,Dining,,28.3705684,-81.5193588,Disney Springs,Disney Springs,Disney Springs,"Bus, Boat",10,
Pizza Ponte,Medium $$,Dining,,28.3705684,-81.5193588,Disney Springs,Disney Springs,Disney Springs,"Bus, Boat",10,
Planet Hollywood Observatory,Medium $$,Dining,,28.3705684,-81.5193588,Disney Springs,Disney Springs,Disney Springs,"Bus, Boat",10,
Raglan Road,Medium $$,Dining,,28.3705684,-81.5193588,Disney Springs,Disney Springs,Disney Springs,"Bus, Boat",10,
Rainforest Café,Medium $$,Dining,,28.3705684,-81.5193588,Disney Springs,Disney Springs,Disney Springs,"Bus, Boat",10,
Splittsville Luxury Lanes,Medium $$,Dining,,28.3705684,-81.5193588,Disney Springs,Disney Springs,Disney Springs,"Bus, Boat",10,
Sprinkles,Medium $$,Dining,,28.3705684,-81.5193588,Disney Springs,Disney Springs,Disney Springs,"Bus, Boat",10,
Stargazers Bar,Medium $$,Dining,,28.3705684,-81.5193588,Disney Springs,Disney Springs,Disney Springs,"Bus, Boat",10,
T-REX,Medium $$,Dining,,28.3705684,-81.5193588,Disney Springs,Disney Springs,Disney Springs,"Bus, Boat",10,
Terralina Crafted Italian,Medium $$,Dining,,28.3705684,-81.5193588,Disney Springs,Disney Springs,Disney Springs,"Bus, Boat",10,
The Basket at Wine Bar George,Medium $$,Dining,,28.3705684,-81.5193588,Disney Springs,Disney Springs,Disney Springs,"Bus, Boat",10,
The Daily Poutine,Medium $$,Dining,,28.3705684,-81.5193588,Disney Springs,Disney Springs,Disney Springs,"Bus, Boat",10,
The Edison,Medium $$,Dining,,28.3705684,-81.5193588,Disney Springs,Disney Springs,Disney Springs,"Bus, Boat",10,
The Polite Pig,Medium $$,Dining,,28.3705684,-81.5193588,Disney Springs,Disney Springs,Disney Springs,"Bus, Boat",10,
The Smokehouse,Medium $$,Dining,,28.3705684,-81.5193588,Disney Springs,Disney Springs,Disney Springs,"Bus, Boat",10,
Wetzel's Pretzels,Medium $$,Dining,,28.3705684,-81.5193588,Disney Springs,Disney Springs,Disney Springs,"Bus, Boat",10,
Wine Bar George,Medium $$,Dining,,28.3705684,-81.5193588,Disney Springs,Disney Springs,Disney Springs,"Bus, Boat",10,
YeSake,Medium $$,Dining,,28.3705684,-81.5193588,Disney Springs,Disney Springs,Disney Springs,"Bus, Boat",10,
Alex and Ani,Medium $$,Shopping,Apparel & Accessories,28.3705684,-81.5193588,Disney Springs,Disney Springs,Town Center,"Bus, Boat",10,
American Threads,Medium $$,Shopping,,28.3705684,-81.5193588,Disney Springs,Disney Springs,Disney Springs,"Bus, Boat",10,
Anthropologie,Medium $$,Shopping,,28.3705684,-81.5193588,Disney Springs,Disney Springs,Disney Springs,"Bus, Boat",10,
The Art Corner by Artistic Talent Group,Medium $$,Shopping,,28.3705684,-81.5193588,Disney Springs,Disney Springs,Disney Springs,"Bus, Boat",10,
The Art of Disney,Medium $$,Shopping,,28.3705684,-81.5193588,Disney Springs,Disney Springs,Disney Springs,"Bus, Boat",10,
Art of Shaving,Medium $$,Shopping,,28.3705684,-81.5193588,Disney Springs,Disney Springs,Disney Springs,"Bus, Boat",10,
Basin,Medium $$,Shopping,,28.3705684,-81.5193588,Disney Springs,Disney Springs,Disney Springs,"Bus, Boat",10,
Bibbidi Bobbidi Boutique,Medium $$,Shopping,,28.3705684,-81.5193588,Disney Springs,Disney Springs,Disney Springs,"Bus, Boat",10,
The Boathouse Boatique,Medium $$,Shopping,,28.3705684,-81.5193588,Disney Springs,Disney Springs,Disney Springs,"Bus, Boat",10,
Build-A-Dino by Build-A-Bear Workshop at T-REX,Medium $$,Shopping,,28.3705684,-81.5193588,Disney Springs,Disney Springs,Disney Springs,"Bus, Boat",10,
Chapel Hats,Medium $$,Shopping,,28.3705684,-81.5193588,Disney Springs,Disney Springs,Disney Springs,"Bus, Boat",10,
Coach,Medium $$,Shopping,,28.3705684,-81.5193588,Disney Springs,Disney Springs,Disney Springs,"Bus, Boat",10,
Coca-Cola Store,Medium $$,Shopping,,28.3705684,-81.5193588,Disney Springs,Disney Springs,Disney Springs,"Bus, Boat",10,
Columbia Sportswear,Medium $$,Shopping,,28.3705684,-81.5193588,Disney Springs,Disney Springs,Disney Springs,"Bus, Boat",10,
Crystal Arts by Arribas Brothers,Medium $$,Shopping,,28.3705684,-81.5193588,Disney Springs,Disney Springs,Disney Springs,"Bus, Boat",10,
Dino-Store at T-REX,Medium $$,Shopping,,28.3705684,-81.5193588,Disney Springs,Disney Springs,Disney Springs,"Bus, Boat",10,
Disney Photo Pass Studio,Medium $$,Shopping,,28.3705684,-81.5193588,Disney Springs,Disney Springs,Disney Springs,"Bus, Boat",10,
Disney's Candy Cauldron,Medium $$,Shopping,,28.3705684,-81.5193588,Disney Springs,Disney Springs,Disney Springs,"Bus, Boat",10,
Disney's Days of Christmas,Medium $$,Shopping,,28.3705684,-81.5193588,Disney Springs,Disney Springs,Disney Springs,"Bus, Boat",10,
Disney's Pin Traders,Medium $$,Shopping,,28.3705684,-81.5193588,Disney Springs,Disney Springs,Disney Springs,"Bus, Boat",10,
Disney's Wonderful World of Memories,Medium $$,Shopping,,28.3705684,-81.5193588,Disney Springs,Disney Springs,Disney Springs,"Bus, Boat",10,
DIsneyStyle,Medium $$,Shopping,,28.3705684,-81.5193588,Disney Springs,Disney Springs,Disney Springs,"Bus, Boat",10,
Edward Beiner Purveyor of Fine Eyewear,Medium $$,Shopping,,28.3705684,-81.5193588,Disney Springs,Disney Springs,Disney Springs,"Bus, Boat",10,
Ever After Jewelry Co. & Accessories,Medium $$,Shopping,,28.3705684,-81.5193588,Disney Springs,Disney Springs,Disney Springs,"Bus, Boat",10,
Disney Springs,Medium $$,Shopping Plaza,,28.3705684,-81.5193588,Disney Springs,Disney Springs,Disney Springs,"Bus, Boat",20,
Cabana Bar & Beach Grill,Medium $$,Dining,,28.3674208,-81.561323,Epcot,Dolphin,Dolphin,"Bus, Skyliner",10,
Fresh Mediterranean Market,Medium $$,Dining,,28.3674208,-81.561323,Epcot,Dolphin,Dolphin,"Bus, Skyliner",10,
Phins,Medium $$,Dining,,28.3674208,-81.561323,Epcot,Dolphin,Dolphin,"Bus, Skyliner",10,
Picabu Buffeteria,Medium $$,Dining,,28.3674208,-81.561323,Epcot,Dolphin,Dolphin,"Bus, Skyliner",10,
Shula's Steakhouse,Medium $$,Dining,,28.3674208,-81.561323,Epcot,Dolphin,Dolphin,"Bus, Skyliner",10,
The Dolphin Fountain,Medium $$,Dining,,28.3674208,-81.561323,Epcot,Dolphin,Dolphin,"Bus, Skyliner",10,
Todd English Bluezoo,Medium $$,Dining,,28.3674208,-81.561323,Epcot,Dolphin,Dolphin,"Bus, Skyliner",10,
Dolphin,Value $,Resort,,28.3674208,-81.5613231,Epcot,Dolphin,Dolphin,"Bus, Skyliner",10,
Choza de Margarita,Value $,Dining,,28.3764687,-81.5494034,Epcot,Epcot,Mexico,"Bus, Skyliner",10,
Kabuki Café,Value $,Dining,,28.3764687,-81.5494034,Epcot,Epcot,Japan,"Bus, Skyliner",10,
Kringla Bakeri Og Kafe,Value $,Dining,,28.3764687,-81.5494034,Epcot,Epcot,Norway,"Bus, Skyliner",10,
Les Halles Boulangerie Patisserie,Value $,Dining,,28.3764687,-81.5494034,Epcot,Epcot,France,"Bus, Skyliner",10,
Sommerfest,Value $,Dining,,28.3764687,-81.5494034,Epcot,Epcot,Germany,"Bus, Skyliner",10,
Sunshine Seasons,Value $,Dining,,28.3764687,-81.5494034,Epcot,Epcot,World Nature,"Bus, Skyliner",10,
Via Napoli,Value $,Dining,,28.3764687,-81.5494034,Epcot,Epcot,Italy,"Bus, Skyliner",10,
Connections Café,Value $,Dining,,28.3764687,-81.5494034,Epcot,Epcot,World Celebration,"Bus, Skyliner",10,
Joffrey's Coffee & Tea Company,Value $,Dining,,28.3764687,-81.5494034,Epcot,Epcot,World Discovery,"Bus, Skyliner",10,
Space 220 Lounge,Value $,Dining,,28.3764687,-81.5494034,Epcot,Epcot,World Discovery,"Bus, Skyliner",10,
Refreshment Port,Value $,Dining,,28.3764687,-81.5494034,Epcot,Epcot,World Showcase,"Bus, Skyliner",10,
Joffrey's Coffee & Tea Company,Value $,Dining,,28.3764687,-81.5494034,Epcot,Epcot,World Showcase,"Bus, Skyliner",10,
La Cellier Steakhouse,High $$$,Dining,,28.3764687,-81.5494034,Epcot,Epcot,Canada,"Bus, Skyliner",10,
Monsieur Paul,High $$$,Dining,,28.3764687,-81.5494034,Epcot,Epcot,France,"Bus, Skyliner",10,
Space 220,High $$$,Dining,,28.3764687,-81.5494034,Epcot,Epcot,World Discovery,"Bus, Skyliner",10,
Epcot,$109/Day,Park,,28.3764687,-81.5494034,Epcot,Epcot,Epcot,"Bus, Skyliner",20,
Akershus Royal Bankquet Hall,Medium $$,Dining,,28.3764687,-81.5494034,Epcot,Epcot,Norway,"Bus, Skyliner",10,
Biergarten,Medium $$,Dining,,28.3764687,-81.5494034,Epcot,Epcot,Germany,"Bus, Skyliner",10,
Block & Hans,Medium $$,Dining,,28.3764687,-81.5494034,Epcot,Epcot,World Showcase,"Bus, Skyliner",10,
Chefs de France,Medium $$,Dining,,28.3764687,-81.5494034,Epcot,Epcot,France,"Bus, Skyliner",10,
Connections Eatery,Medium $$,Dining,,28.3764687,-81.5494034,Epcot,Epcot,World Celebration,"Bus, Skyliner",10,
Coral Reaf,Medium $$,Dining,,28.3764687,-81.5494034,Epcot,Epcot,World Nature,"Bus, Skyliner",10,
Crepes des Chefs de France,Medium $$,Dining,,28.3764687,-81.5494034,Epcot,Epcot,France,"Bus, Skyliner",10,
Fife & Drum Tavern,Medium $$,Dining,,28.3764687,-81.5494034,Epcot,Epcot,The American Adventure,"Bus, Skyliner",10,
Garden Grill,Medium $$,Dining,,28.3764687,-81.5494034,Epcot,Epcot,World Nature,"Bus, Skyliner",10,
Garden House,Medium $$,Dining,,28.3764687,-81.5494034,Epcot,Epcot,World Nature,"Bus, Skyliner",10,
Gelateria Toscano,Medium $$,Dining,,28.3764687,-81.5494034,Epcot,Epcot,Italy,"Bus, Skyliner",10,
Katsura Grill,Medium $$,Dining,,28.3764687,-81.5494034,Epcot,Epcot,Japan,"Bus, Skyliner",10,
L'Artisan des Glaces,Medium $$,Dining,,28.3764687,-81.5494034,Epcot,Epcot,France,"Bus, Skyliner",10,
La Cantina de San Angel,Medium $$,Dining,,28.3764687,-81.5494034,Epcot,Epcot,Mexico,"Bus, Skyliner",10,
La Cava del Tequila,Medium $$,Dining,,28.3764687,-81.5494034,Epcot,Epcot,Mexico,"Bus, Skyliner",10,
La Creperie de Paris,Medium $$,Dining,,28.3764687,-81.5494034,Epcot,Epcot,France,"Bus, Skyliner",10,
La Hacienda de San Angel,Medium $$,Dining,,28.3764687,-81.5494034,Epcot,Epcot,Mexico,"Bus, Skyliner",10,
Les Vins des Chefs de France,Medium $$,Dining,,28.3764687,-81.5494034,Epcot,Epcot,France,"Bus, Skyliner",10,
Lotus Blossom Café,Medium $$,Dining,,28.3764687,-81.5494034,Epcot,Epcot,China,"Bus, Skyliner",10,
Nine Dragons,Medium $$,Dining,,28.3764687,-81.5494034,Epcot,Epcot,China,"Bus, Skyliner",10,
Regal Eagle,Medium $$,Dining,,28.3764687,-81.5494034,Epcot,Epcot,The American Adventure,"Bus, Skyliner",10,
Restaurant Marrakesh,Medium $$,Dining,,28.3764687,-81.5494034,Epcot,Epcot,Morocco,"Bus, Skyliner",10,
Rose & Crown Pub,Medium $$,Dining,,28.3764687,-81.5494034,Epcot,Epcot,United Kingdom,"Bus, Skyliner",10,
San Angel Inn,Medium $$,Dining,,28.3764687,-81.5494034,Epcot,Epcot,Mexico,"Bus, Skyliner",10,
Spice Road Table,Medium $$,Dining,,28.3764687,-81.5494034,Epcot,Epcot,Morocco,"Bus, Skyliner",10,
Takumi-Tei,Medium $$,Dining,,28.3764687,-81.5494034,Epcot,Epcot,Japan,"Bus, Skyliner",10,
Tangerine Café,Medium $$,Dining,,28.3764687,-81.5494034,Epcot,Epcot,Morocco,"Bus, Skyliner",10,
Teppan Edo,Medium $$,Dining,,28.3764687,-81.5494034,Epcot,Epcot,Japan,"Bus, Skyliner",10,
Test Track Cool Wash,Medium $$,Dining,,28.3764687,-81.5494034,Epcot,Epcot,World Discovery,"Bus, Skyliner",10,
The Land Cart,Medium $$,Dining,,28.3764687,-81.5494034,Epcot,Epcot,World Nature,"Bus, Skyliner",10,
Tokyo Dining,Medium $$,Dining,,28.3764687,-81.5494034,Epcot,Epcot,Japan,"Bus, Skyliner",10,
Tutto Gusto Wine Cellar,Medium $$,Dining,,28.3764687,-81.5494034,Epcot,Epcot,Italy,"Bus, Skyliner",10,
Tutto Italia,Medium $$,Dining,,28.3764687,-81.5494034,Epcot,Epcot,Italy,"Bus, Skyliner",10,
Yorkshire County Fish Shop,Medium $$,Dining,,28.3764687,-81.5494034,Epcot,Epcot,United Kingdom,"Bus, Skyliner",10,
Pin Traders - Camera Center,Medium $$,Shopping,,28.3764687,-81.5494034,Epcot,Epcot,World Celebration,"Bus, Skyliner",10,
Gateway Gifts,Medium $$,Shopping,,28.3764687,-81.5494034,Epcot,Epcot,World Celebration,"Bus, Skyliner",10,
Club Cool,Medium $$,Shopping,,28.3764687,-81.5494034,Epcot,Epcot,World Celebration,"Bus, Skyliner",10,
Creations Shop,Medium $$,Shopping,,28.3764687,-81.5494034,Epcot,Epcot,World Celebration,"Bus, Skyliner",10,
Treasures of Xandar,Medium $$,Shopping,,28.3764687,-81.5494034,Epcot,Epcot,World Discovery,"Bus, Skyliner",10,
Port of Entry,Medium $$,Shopping,,28.3764687,-81.5494034,Epcot,Epcot,World Showcase,"Bus, Skyliner",10,
Disney Traders,Medium $$,Shopping,,28.3764687,-81.5494034,Epcot,Epcot,World Showcase,"Bus, Skyliner",10,
Karamell Kuche,Medium $$,Shopping,,28.3764687,-81.5494034,Epcot,Epcot,World Showcase,"Bus, Skyliner",10,
Art of Disney,Medium $$,Shopping,,28.3764687,-81.5494034,Epcot,Epcot,World Showcase,"Bus, Skyliner",10,
La Signature,Medium $$,Shopping,,28.3764687,-81.5494034,Epcot,Epcot,World Showcase,"Bus, Skyliner",10,
L'Espirit de la Provence,Medium $$,Shopping,,28.3764687,-81.5494034,Epcot,Epcot,World Showcase,"Bus, Skyliner",10,
World Traveler,Medium $$,Shopping,,28.3764687,-81.5494034,Epcot,Epcot,World Showcase,"Bus, Skyliner",10,
The Tea Caddy,Medium $$,Shopping,,28.3764687,-81.5494034,Epcot,Epcot,World Showcase,"Bus, Skyliner",10,
Spaceship Earth,None,Attraction,,28.3764687,-81.5494034,Epcot,Epcot,World Celebration,"Bus, Skyliner",10,
Disney & Pixar Short Film Festival,None,Attraction,,28.3764687,-81.5494034,Epcot,Epcot,World Celebration,"Bus, Skyliner",10,
Journey Into Imagination with Figment,None,Attraction,,28.3764687,-81.5494034,Epcot,Epcot,World Celebration,"Bus, Skyliner",10,
Guardians of the Galaxy: Cosmic Rewind,None,Attraction,,28.3764687,-81.5494034,Epcot,Epcot,World Discovery,"Bus, Skyliner",10,
Mission: SPACE,None,Attraction,,28.3764687,-81.5494034,Epcot,Epcot,World Discovery,"Bus, Skyliner",10,
Test Track,None,Attraction,,28.3764687,-81.5494034,Epcot,Epcot,World Discovery,"Bus, Skyliner",10,
Awesome Planet,None,Attraction,,28.3764687,-81.5494034,Epcot,Epcot,World Nature,"Bus, Skyliner",10,
Soarin Around the World,None,Attraction,,28.3764687,-81.5494034,Epcot,Epcot,World Nature,"Bus, Skyliner",10,
Living with the Land,None,Attraction,,28.3764687,-81.5494034,Epcot,Epcot,World Nature,"Bus, Skyliner",10,
The Seas with Nemo & Friends,None,Attraction,,28.3764687,-81.5494034,Epcot,Epcot,World Nature,"Bus, Skyliner",10,
Turtle Talk with Crush,None,Attraction,,28.3764687,-81.5494034,Epcot,Epcot,World Nature,"Bus, Skyliner",10,
SeaBase,None,Attraction,,28.3764687,-81.5494034,Epcot,Epcot,World Nature,"Bus, Skyliner",10,
Gran Fiesta Tour Starring the Three Caballeros,None,Attraction,,28.3764687,-81.5494034,Epcot,Epcot,World Showcase,"Bus, Skyliner",10,
Meet Anna & Elsa at Royal Sommerhus,None,Attraction,,28.3764687,-81.5494034,Epcot,Epcot,World Showcase,"Bus, Skyliner",10,
Frozen Ever After,None,Attraction,,28.3764687,-81.5494034,Epcot,Epcot,World Showcase,"Bus, Skyliner",10,
Reflections of China,None,Attraction,,28.3764687,-81.5494034,Epcot,Epcot,World Showcase,"Bus, Skyliner",10,
America Gardens Theater,None,Attraction,,28.3764687,-81.5494034,Epcot,Epcot,World Showcase,"Bus, Skyliner",10,
The American Adventure,None,Attraction,,28.3764687,-81.5494034,Epcot,Epcot,World Showcase,"Bus, Skyliner",10,
Palais du Cinema Beauty and the Beast Sing-Along,None,Attraction,,28.3764687,-81.5494034,Epcot,Epcot,World Showcase,"Bus, Skyliner",10,
Palais du Cinema Impressions de France,None,Attraction,,28.3764687,-81.5494034,Epcot,Epcot,World Showcase,"Bus, Skyliner",10,
Remy's Ratatouille Adventure,None,Attraction,,28.3764687,-81.5494034,Epcot,Epcot,World Showcase,"Bus, Skyliner",10,
Canada Far and Wide in Circle Vision 360,None,Attraction,,28.3764687,-81.5494034,Epcot,Epcot,World Showcase,"Bus, Skyliner",10,
Citricos,High $$$,Dining,,28.4108559,-81.5881411,Magic Kingdom,Grand Floridian,Grand Floridian,"Bus, Boat, Monorail",10,
Narcoossee's,High $$$,Dining,,28.4108559,-81.5881411,Magic Kingdom,Grand Floridian,Grand Floridian,"Bus, Boat, Monorail",10,
Victoria & Albert's,High $$$,Dining,,28.4108559,-81.5881411,Magic Kingdom,Grand Floridian,Grand Floridian,"Bus, Boat, Monorail",10,
Grand Floridian,Deluxe $$$,Resort,,28.4108559,-81.5881411,Magic Kingdom,Grand Floridian,Grand Floridian,"Bus, Boat, Monorail",10,
1900 Park Fare,Medium $$,Dining,,28.4108559,-81.5881411,Magic Kingdom,Grand Floridian,Grand Floridian,"Bus, Boat, Monorail",10,
Beaches Pool Bar,Medium $$,Dining,,28.4108559,-81.5881411,Magic Kingdom,Grand Floridian,Grand Floridian,"Bus, Boat, Monorail",10,
Courtyard Pool Bar,Medium $$,Dining,,28.4108559,-81.5881411,Magic Kingdom,Grand Floridian,Grand Floridian,"Bus, Boat, Monorail",10,
Enchanted Rose,Medium $$,Dining,,28.4108559,-81.5881411,Magic Kingdom,Grand Floridian,Grand Floridian,"Bus, Boat, Monorail",10,
Garden View Tea Room,Medium $$,Dining,,28.4108559,-81.5881411,Magic Kingdom,Grand Floridian,Grand Floridian,"Bus, Boat, Monorail",10,
Gasparilla Grill & Games,Medium $$,Dining,,28.4108559,-81.5881411,Magic Kingdom,Grand Floridian,Grand Floridian,"Bus, Boat, Monorail",10,
Grand Floridian Café,Medium $$,Dining,,28.4108559,-81.5881411,Magic Kingdom,Grand Floridian,Grand Floridian,"Bus, Boat, Monorail",10,
Perfectly Princess Tea Party,Medium $$,Dining,,28.4108559,-81.5881411,Magic Kingdom,Grand Floridian,Grand Floridian,"Bus, Boat, Monorail",10,
Victoria & Albert's Chef's Table,Medium $$,Dining,,28.4108559,-81.5881411,Magic Kingdom,Grand Floridian,Grand Floridian,"Bus, Boat, Monorail",10,
Wonderland Tea Party,Medium $$,Dining,,28.4108559,-81.5881411,Magic Kingdom,Grand Floridian,Grand Floridian,"Bus, Boat, Monorail",10,
Catalina Eddies,Value $,Dining,,28.3580628,-81.5590975,Hollywood Studios,Hollywood Studios,Sunset Boulevard,"Bus, Skyliner",10,
PizzeRizzo,Value $,Dining,,28.3580628,-81.5590975,Hollywood Studios,Hollywood Studios,Grand Avenue,"Bus, Skyliner",10,
Woody's Lunch Box,Value $,Dining,,28.3580628,-81.5590975,Hollywood Studios,Hollywood Studios,Toy Story Land,"Bus, Skyliner",10,
ABC Commissary,Value $,Dining,,28.3580628,-81.5590975,Hollywood Studios,Hollywood Studios,Commisary Lane,"Bus, Skyliner",10,
Backlot Express,Value $,Dining,,28.3580628,-81.5590975,Hollywood Studios,Hollywood Studios,Echo Lake,"Bus, Skyliner",10,
Dockside Diner,Value $,Dining,,28.3580628,-81.5590975,Hollywood Studios,Hollywood Studios,Echo Lake,"Bus, Skyliner",10,
Epic Eats,Value $,Dining,,28.3580628,-81.5590975,Hollywood Studios,Hollywood Studios,Echo Lake,"Bus, Skyliner",10,
Ronto Roosters,Value $,Dining,,28.3580628,-81.5590975,Hollywood Studios,Hollywood Studios,Star Wars Galaxy's Edge,"Bus, Skyliner",10,
Market,Value $,Dining,,28.3580628,-81.5590975,Hollywood Studios,Hollywood Studios,Animation Courtyard,"Bus, Skyliner",10,
Joffrey's Coffee & Tea Company,Value $,Dining,,28.3580628,-81.5590975,Hollywood Studios,Hollywood Studios,Animation Courtyard,"Bus, Skyliner",10,
Sunshine Day Bar,Value $,Dining,,28.3580628,-81.5590975,Hollywood Studios,Hollywood Studios,Sunset Boulevard,"Bus, Skyliner",10,
Joffrey's Coffee & Tea Company,Value $,Dining,,28.3580628,-81.5590975,Hollywood Studios,Hollywood Studios,Sunset Boulevard,"Bus, Skyliner",10,
Hollywood Brown Derby,High $$$,Dining,,28.3580628,-81.5590975,Hollywood Studios,Hollywood Studios,Hollywood Boulevard,"Bus, Skyliner",10,
Hollywood Studios,$109/Day,Park,,28.3580628,-81.5590975,Hollywood Studios,Hollywood Studios,Hollywood Studios,"Bus, Skyliner",20,
50s Prime Time Café,Medium $$,Dining,,28.3580628,-81.5590975,Hollywood Studios,Hollywood Studios,Echo Lake,"Bus, Skyliner",10,
Anaheim Produce,Medium $$,Dining,,28.3580628,-81.5590975,Hollywood Studios,Hollywood Studios,Sunset Boulevard,"Bus, Skyliner",10,
BaseLine Tap House,Medium $$,Dining,,28.3580628,-81.5590975,Hollywood Studios,Hollywood Studios,Grand Avenue,"Bus, Skyliner",10,
Docking Bay 7 Food & Cargo,Medium $$,Dining,,28.3580628,-81.5590975,Hollywood Studios,Hollywood Studios,Star Wars Galaxy's Edge,"Bus, Skyliner",10,
Fairfax Fare,Medium $$,Dining,,28.3580628,-81.5590975,Hollywood Studios,Hollywood Studios,Sunset Boulevard,"Bus, Skyliner",10,
Hollywood & Vine,Medium $$,Dining,,28.3580628,-81.5590975,Hollywood Studios,Hollywood Studios,Echo Lake,"Bus, Skyliner",10,
Hollywood Scoops,Medium $$,Dining,,28.3580628,-81.5590975,Hollywood Studios,Hollywood Studios,Sunset Boulevard,"Bus, Skyliner",10,
Kat Saka's Kettle,Medium $$,Dining,,28.3580628,-81.5590975,Hollywood Studios,Hollywood Studios,Star Wars Galaxy's Edge,"Bus, Skyliner",10,
KRNR The Rock Station,Medium $$,Dining,,28.3580628,-81.5590975,Hollywood Studios,Hollywood Studios,Sunset Boulevard,"Bus, Skyliner",10,
Mama Melrose's Ristorante Italiano,Medium $$,Dining,,28.3580628,-81.5590975,Hollywood Studios,Hollywood Studios,Grand Avenue,"Bus, Skyliner",10,
Neighborhood Bakery,Medium $$,Dining,,28.3580628,-81.5590975,Hollywood Studios,Hollywood Studios,Pixar Place,"Bus, Skyliner",10,
Oga's Cantina,Medium $$,Dining,,28.3580628,-81.5590975,Hollywood Studios,Hollywood Studios,Star Wars Galaxy's Edge,"Bus, Skyliner",10,
Rosie's All American,Medium $$,Dining,,28.3580628,-81.5590975,Hollywood Studios,Hollywood Studios,Sunset Boulevard,"Bus, Skyliner",10,
Round Up Rodeo BBQ,Medium $$,Dining,,28.3580628,-81.5590975,Hollywood Studios,Hollywood Studios,Toy Story Land,"Bus, Skyliner",10,
SciFi Dine-In Theater,Medium $$,Dining,,28.3580628,-81.5590975,Hollywood Studios,Hollywood Studios,Commisary Lane,"Bus, Skyliner",10,
The Trolley Car Café,Medium $$,Dining,,28.3580628,-81.5590975,Hollywood Studios,Hollywood Studios,Hollywood Boulevard,"Bus, Skyliner",10,
Tune-In Lounge,Medium $$,Dining,,28.3580628,-81.5590975,Hollywood Studios,Hollywood Studios,Echo Lake,"Bus, Skyliner",10,
Sid Cahuenga's One of a Kind,Medium $$,Shopping,,28.3580628,-81.5590975,Hollywood Studios,Hollywood Studios,Hollywood Boulevard,"Bus, Skyliner",10,
Mickey's of Hollywood,Medium $$,Shopping,,28.3580628,-81.5590975,Hollywood Studios,Hollywood Studios,Hollywood Boulevard,"Bus, Skyliner",10,
Keystone Clothiers,Medium $$,Shopping,,28.3580628,-81.5590975,Hollywood Studios,Hollywood Studios,Hollywood Boulevard,"Bus, Skyliner",10,
Celebrity 5 & 10,Medium $$,Shopping,,28.3580628,-81.5590975,Hollywood Studios,Hollywood Studios,Hollywood Boulevard,"Bus, Skyliner",10,
Oscar's Super Service,Medium $$,Shopping,,28.3580628,-81.5590975,Hollywood Studios,Hollywood Studios,Hollywood Boulevard,"Bus, Skyliner",10,
Tatooine Traders,Medium $$,Shopping,,28.3580628,-81.5590975,Hollywood Studios,Hollywood Studios,Echo Lake,"Bus, Skyliner",10,
Frozen Fractal Gifts,Medium $$,Shopping,,28.3580628,-81.5590975,Hollywood Studios,Hollywood Studios,Echo Lake,"Bus, Skyliner",10,
Resistance Supply,Medium $$,Shopping,,28.3580628,-81.5590975,Hollywood Studios,Hollywood Studios,Star Wars Galaxy's Edge,"Bus, Skyliner",10,
The Market Merchants,Medium $$,Shopping,,28.3580628,-81.5590975,Hollywood Studios,Hollywood Studios,Star Wars Galaxy's Edge,"Bus, Skyliner",10,
Dok-Ondar's Den of Antiquities,Medium $$,Shopping,,28.3580628,-81.5590975,Hollywood Studios,Hollywood Studios,Star Wars Galaxy's Edge,"Bus, Skyliner",10,
Savi's Workshop,Medium $$,Shopping,,28.3580628,-81.5590975,Hollywood Studios,Hollywood Studios,Star Wars Galaxy's Edge,"Bus, Skyliner",10,
Droid Depot,Medium $$,Shopping,,28.3580628,-81.5590975,Hollywood Studios,Hollywood Studios,Star Wars Galaxy's Edge,"Bus, Skyliner",10,
First Order Cargo,Medium $$,Shopping,,28.3580628,-81.5590975,Hollywood Studios,Hollywood Studios,Star Wars Galaxy's Edge,"Bus, Skyliner",10,
Sunset Ranch Pins & Souvenirs,Medium $$,Shopping,,28.3580628,-81.5590975,Hollywood Studios,Hollywood Studios,Sunset Boulevard,"Bus, Skyliner",10,
Once Upon a Time,Medium $$,Shopping,,28.3580628,-81.5590975,Hollywood Studios,Hollywood Studios,Sunset Boulevard,"Bus, Skyliner",10,
Legends of Hollywood,Medium $$,Shopping,,28.3580628,-81.5590975,Hollywood Studios,Hollywood Studios,Sunset Boulevard,"Bus, Skyliner",10,
Mickey & Minnie's Runaway Railway,None,Attraction,,28.3580628,-81.5590975,Hollywood Studios,Hollywood Studios,Hollywood Boulevard,"Bus, Skyliner",10,
Indiana Jones Epic Stunt Spectacular!,None,Attraction,,28.3580628,-81.5590975,Hollywood Studios,Hollywood Studios,Echo Lake,"Bus, Skyliner",10,
Star Tours The Adventures Continue,None,Attraction,,28.3580628,-81.5590975,Hollywood Studios,Hollywood Studios,Echo Lake,"Bus, Skyliner",10,
Celebrity Spotlight,None,Attraction,,28.3580628,-81.5590975,Hollywood Studios,Hollywood Studios,Echo Lake,"Bus, Skyliner",10,
Vacation Fun,None,Attraction,,28.3580628,-81.5590975,Hollywood Studios,Hollywood Studios,Echo Lake,"Bus, Skyliner",10,
"For the First Time in Forever: A ""Frozen"" Sing-Along Celebration",None,Attraction,,28.3580628,-81.5590975,Hollywood Studios,Hollywood Studios,Echo Lake,"Bus, Skyliner",10,
Mickey & Minnie at Red Carpet Dreams,None,Attraction,,28.3580628,-81.5590975,Hollywood Studios,Hollywood Studios,Commisary Lane,"Bus, Skyliner",10,
Muppet Vision 3D,None,Attraction,,28.3580628,-81.5590975,Hollywood Studios,Hollywood Studios,Grand Avenue,"Bus, Skyliner",10,
Star Wars Rise of the Resistance,None,Attraction,,28.3580628,-81.5590975,Hollywood Studios,Hollywood Studios,Star Wars Galaxy's Edge,"Bus, Skyliner",10,
Millennium Falcon Smugglers Run,None,Attraction,,28.3580628,-81.5590975,Hollywood Studios,Hollywood Studios,Star Wars Galaxy's Edge,"Bus, Skyliner",10,
Alien Swirling Saucers,None,Attraction,,28.3580628,-81.5590975,Hollywood Studios,Hollywood Studios,Toy Story Land,"Bus, Skyliner",10,
Slinky Dog Dash,None,Attraction,,28.3580628,-81.5590975,Hollywood Studios,Hollywood Studios,Toy Story Land,"Bus, Skyliner",10,
Toy Story Mania!,None,Attraction,,28.3580628,-81.5590975,Hollywood Studios,Hollywood Studios,Toy Story Land,"Bus, Skyliner",10,
Walt Disney Presents Gallery & Exhibits,None,Attraction,,28.3580628,-81.5590975,Hollywood Studios,Hollywood Studios,Animation Courtyard,"Bus, Skyliner",10,
Walt Disney Presents The Walt Disney Theater,None,Attraction,,28.3580628,-81.5590975,Hollywood Studios,Hollywood Studios,Animation Courtyard,"Bus, Skyliner",10,
Disney Junior Play & Dance,None,Attraction,,28.3580628,-81.5590975,Hollywood Studios,Hollywood Studios,Animation Courtyard,"Bus, Skyliner",10,
Rock 'N' Roller Coaster Starring Aerosmith,None,Attraction,,28.3580628,-81.5590975,Hollywood Studios,Hollywood Studios,Sunset Boulevard,"Bus, Skyliner",10,
Lightning McQueen's Racing Academy,None,Attraction,,28.3580628,-81.5590975,Hollywood Studios,Hollywood Studios,Sunset Boulevard,"Bus, Skyliner",10,
The Twilight Zone Tower of Terror,None,Attraction,,28.3580628,-81.5590975,Hollywood Studios,Hollywood Studios,Sunset Boulevard,"Bus, Skyliner",10,
Beauty and the Beast Live on Stage,None,Attraction,,28.3580628,-81.5590975,Hollywood Studios,Hollywood Studios,Sunset Boulevard,"Bus, Skyliner",10,
Casey's Corner,Value $,Dining,,28.418579,-81.5812062,Magic Kingdom,Magic Kingdom,"Main Street, USA","Bus, Boat, Monorail",10,
Sleepy Hollow,Value $,Dining,,28.418579,-81.5812062,Magic Kingdom,Magic Kingdom,Liberty Square,"Bus, Boat, Monorail",10,
The Friar's Nook,Value $,Dining,,28.418579,-81.5812062,Magic Kingdom,Magic Kingdom,Fantasyland,"Bus, Boat, Monorail",10,
The Lunching Pad,Value $,Dining,,28.418579,-81.5812062,Magic Kingdom,Magic Kingdom,Tomorrowland,"Bus, Boat, Monorail",10,
Aloha Isle,Value $,Dining,,28.418579,-81.5812062,Magic Kingdom,Magic Kingdom,Adventureland,"Bus, Boat, Monorail",10,
Columbia Harbor House,Value $,Dining,,28.418579,-81.5812062,Magic Kingdom,Magic Kingdom,Liberty Square,"Bus, Boat, Monorail",10,
Pecos Bill Tall Tale Inn & Café,Value $,Dining,,28.418579,-81.5812062,Magic Kingdom,Magic Kingdom,Frontierland,"Bus, Boat, Monorail",10,
Cinderella's Royal Table,High $$$,Dining,,28.418579,-81.5812062,Magic Kingdom,Magic Kingdom,Fantasyland,"Bus, Boat, Monorail",10,
Magic Kingdom,$109/Day,Park,,28.418579,-81.5812062,Magic Kingdom,Magic Kingdom,Magic Kingdom,"Bus, Boat, Monorail",20,
Auntie Gravity's Galactic Goodies,Medium $$,Dining,,28.418579,-81.5812062,Magic Kingdom,Magic Kingdom,Tomorrowland,"Bus, Boat, Monorail",10,
Be Our Guest,Medium $$,Dining,,28.418579,-81.5812062,Magic Kingdom,Magic Kingdom,Fantasyland,"Bus, Boat, Monorail",10,
Cheshire Café,Medium $$,Dining,,28.418579,-81.5812062,Magic Kingdom,Magic Kingdom,Fantasyland,"Bus, Boat, Monorail",10,
Cool Ship,Medium $$,Dining,,28.418579,-81.5812062,Magic Kingdom,Magic Kingdom,Tomorrowland,"Bus, Boat, Monorail",10,
Cosmic Ray's Starlight Café,Medium $$,Dining,,28.418579,-81.5812062,Magic Kingdom,Magic Kingdom,Tomorrowland,"Bus, Boat, Monorail",10,
Gaston's Tavern,Medium $$,Dining,,28.418579,-81.5812062,Magic Kingdom,Magic Kingdom,Fantasyland,"Bus, Boat, Monorail",10,
Golden Oak Outpost,Medium $$,Dining,,28.418579,-81.5812062,Magic Kingdom,Magic Kingdom,Frontierland,"Bus, Boat, Monorail",10,
Jungle Navigation Co. Ltd. Skipper Canteen,Medium $$,Dining,,28.418579,-81.5812062,Magic Kingdom,Magic Kingdom,Adventureland,"Bus, Boat, Monorail",10,
Liberty Square Market,Medium $$,Dining,,28.418579,-81.5812062,Magic Kingdom,Magic Kingdom,Liberty Square,"Bus, Boat, Monorail",10,
Liberty Tree Tavern,Medium $$,Dining,,28.418579,-81.5812062,Magic Kingdom,Magic Kingdom,Liberty Square,"Bus, Boat, Monorail",10,
Main Street Bakery,Medium $$,Dining,,28.418579,-81.5812062,Magic Kingdom,Magic Kingdom,"Main Street, USA","Bus, Boat, Monorail",10,
Pinocchio Village Haus,Medium $$,Dining,,28.418579,-81.5812062,Magic Kingdom,Magic Kingdom,Fantasyland,"Bus, Boat, Monorail",10,
Plaza Ice Cream Parlor,Medium $$,Dining,,28.418579,-81.5812062,Magic Kingdom,Magic Kingdom,"Main Street, USA","Bus, Boat, Monorail",10,
Prince Eric's Village Market,Medium $$,Dining,,28.418579,-81.5812062,Magic Kingdom,Magic Kingdom,Fantasyland,"Bus, Boat, Monorail",10,
Storybook Treats,Medium $$,Dining,,28.418579,-81.5812062,Magic Kingdom,Magic Kingdom,Fantasyland,"Bus, Boat, Monorail",10,
Sunshine Tree Terrace,Medium $$,Dining,,28.418579,-81.5812062,Magic Kingdom,Magic Kingdom,Adventureland,"Bus, Boat, Monorail",10,
The Crystal Palace,Medium $$,Dining,,28.418579,-81.5812062,Magic Kingdom,Magic Kingdom,"Main Street, USA","Bus, Boat, Monorail",10,
The Diamond Horseshoe,Medium $$,Dining,,28.418579,-81.5812062,Magic Kingdom,Magic Kingdom,Liberty Square,"Bus, Boat, Monorail",10,
The Plaza Restaurant,Medium $$,Dining,,28.418579,-81.5812062,Magic Kingdom,Magic Kingdom,"Main Street, USA","Bus, Boat, Monorail",10,
Tomorrowland Terrace,Medium $$,Dining,,28.418579,-81.5812062,Magic Kingdom,Magic Kingdom,Tomorrowland,"Bus, Boat, Monorail",10,
Tony's Town Square,Medium $$,Dining,,28.418579,-81.5812062,Magic Kingdom,Magic Kingdom,"Main Street, USA","Bus, Boat, Monorail",10,
Tortuga Tavern,Medium $$,Dining,,28.418579,-81.5812062,Magic Kingdom,Magic Kingdom,Adventureland,"Bus, Boat, Monorail",10,
Westward Ho,Medium $$,Dining,,28.418579,-81.5812062,Magic Kingdom,Magic Kingdom,Frontierland,"Bus, Boat, Monorail",10,
Emporium,Medium $$,Shopping,,28.418579,-81.5812062,Magic Kingdom,Magic Kingdom,"Main Street, USA","Bus, Boat, Monorail",10,
Uptown Jewelers,Medium $$,Shopping,,28.418579,-81.5812062,Magic Kingdom,Magic Kingdom,"Main Street, USA","Bus, Boat, Monorail",10,
Main Street Confectionary,Medium $$,Shopping,,28.418579,-81.5812062,Magic Kingdom,Magic Kingdom,"Main Street, USA","Bus, Boat, Monorail",10,
Plaza del Sol Caribe Bazaar,Medium $$,Shopping,,28.418579,-81.5812062,Magic Kingdom,Magic Kingdom,Adventureland,"Bus, Boat, Monorail",10,
Frontier Trading Post,Medium $$,Shopping,,28.418579,-81.5812062,Magic Kingdom,Magic Kingdom,Frontierland,"Bus, Boat, Monorail",10,
Ye Olde Christmas Shoppe,Medium $$,Shopping,,28.418579,-81.5812062,Magic Kingdom,Magic Kingdom,Liberty Square,"Bus, Boat, Monorail",10,
Memento Mori,Medium $$,Shopping,,28.418579,-81.5812062,Magic Kingdom,Magic Kingdom,Liberty Square,"Bus, Boat, Monorail",10,
Fantasy Faire,Medium $$,Shopping,,28.418579,-81.5812062,Magic Kingdom,Magic Kingdom,Fantasyland,"Bus, Boat, Monorail",10,
Big Top Souvenirs,Medium $$,Shopping,,28.418579,-81.5812062,Magic Kingdom,Magic Kingdom,Fantasyland,"Bus, Boat, Monorail",10,
Star Traders,Medium $$,Shopping,,28.418579,-81.5812062,Magic Kingdom,Magic Kingdom,Tomorrowland,"Bus, Boat, Monorail",10,
Ursa's Major Minor Mart,Medium $$,Shopping,,28.418579,-81.5812062,Magic Kingdom,Magic Kingdom,Tomorrowland,"Bus, Boat, Monorail",10,
Town Square Theater,None,Attraction,,28.418579,-81.5812062,Magic Kingdom,Magic Kingdom,"Main Street, USA","Bus, Boat, Monorail",10,
Swiss Family Treehouse,None,Attraction,,28.418579,-81.5812062,Magic Kingdom,Magic Kingdom,Adventureland,"Bus, Boat, Monorail",10,
The Magic Carpets of Aladdin,None,Attraction,,28.418579,-81.5812062,Magic Kingdom,Magic Kingdom,Adventureland,"Bus, Boat, Monorail",10,
Jungle Cruise,None,Attraction,,28.418579,-81.5812062,Magic Kingdom,Magic Kingdom,Adventureland,"Bus, Boat, Monorail",10,
Walt Disney's Enchanted Tiki Room,None,Attraction,,28.418579,-81.5812062,Magic Kingdom,Magic Kingdom,Adventureland,"Bus, Boat, Monorail",10,
Pirates of the Caribbean,None,Attraction,,28.418579,-81.5812062,Magic Kingdom,Magic Kingdom,Adventureland,"Bus, Boat, Monorail",10,
Splash Mountain,None,Attraction,,28.418579,-81.5812062,Magic Kingdom,Magic Kingdom,Frontierland,"Bus, Boat, Monorail",10,
Big Thunder Mountain Railroad,None,Attraction,,28.418579,-81.5812062,Magic Kingdom,Magic Kingdom,Frontierland,"Bus, Boat, Monorail",10,
Tom Sawyer Island,None,Attraction,,28.418579,-81.5812062,Magic Kingdom,Magic Kingdom,Frontierland,"Bus, Boat, Monorail",10,
Country Bear Jamboree,None,Attraction,,28.418579,-81.5812062,Magic Kingdom,Magic Kingdom,Frontierland,"Bus, Boat, Monorail",10,
The Hall of Presidents,None,Attraction,,28.418579,-81.5812062,Magic Kingdom,Magic Kingdom,Liberty Square,"Bus, Boat, Monorail",10,
Liberty Square Riverboat,None,Attraction,,28.418579,-81.5812062,Magic Kingdom,Magic Kingdom,Liberty Square,"Bus, Boat, Monorail",10,
Haunted Mansion,None,Attraction,,28.418579,-81.5812062,Magic Kingdom,Magic Kingdom,Liberty Square,"Bus, Boat, Monorail",10,
Prince Charming Regal Carrousel,None,Attraction,,28.418579,-81.5812062,Magic Kingdom,Magic Kingdom,Fantasyland,"Bus, Boat, Monorail",10,
Mickey's Philhar Magic,None,Attraction,,28.418579,-81.5812062,Magic Kingdom,Magic Kingdom,Fantasyland,"Bus, Boat, Monorail",10,
Peter Pan's Flight,None,Attraction,,28.418579,-81.5812062,Magic Kingdom,Magic Kingdom,Fantasyland,"Bus, Boat, Monorail",10,
It's A Small World,None,Attraction,,28.418579,-81.5812062,Magic Kingdom,Magic Kingdom,Fantasyland,"Bus, Boat, Monorail",10,
Under the Sea Journey of the Little Mermaid,None,Attraction,,28.418579,-81.5812062,Magic Kingdom,Magic Kingdom,Fantasyland,"Bus, Boat, Monorail",10,
The Barnstormer,None,Attraction,,28.418579,-81.5812062,Magic Kingdom,Magic Kingdom,Fantasyland,"Bus, Boat, Monorail",10,
Dumbo the Flying Elephant,None,Attraction,,28.418579,-81.5812062,Magic Kingdom,Magic Kingdom,Fantasyland,"Bus, Boat, Monorail",10,
Mad Tea Party,None,Attraction,,28.418579,-81.5812062,Magic Kingdom,Magic Kingdom,Fantasyland,"Bus, Boat, Monorail",10,
The Many Adventures of Winnie the Pooh,None,Attraction,,28.418579,-81.5812062,Magic Kingdom,Magic Kingdom,Fantasyland,"Bus, Boat, Monorail",10,
Seven Dwarfs Mine Train,None,Attraction,,28.418579,-81.5812062,Magic Kingdom,Magic Kingdom,Fantasyland,"Bus, Boat, Monorail",10,
Princess Fairytale Hall,None,Attraction,,28.418579,-81.5812062,Magic Kingdom,Magic Kingdom,Fantasyland,"Bus, Boat, Monorail",10,
Tomorrowland Speedway,None,Attraction,,28.418579,-81.5812062,Magic Kingdom,Magic Kingdom,Tomorrowland,"Bus, Boat, Monorail",10,
Space Mountain,None,Attraction,,28.418579,-81.5812062,Magic Kingdom,Magic Kingdom,Tomorrowland,"Bus, Boat, Monorail",10,
Astro Orbiter,None,Attraction,,28.418579,-81.5812062,Magic Kingdom,Magic Kingdom,Tomorrowland,"Bus, Boat, Monorail",10,
Tomorrowland Transit Authority PeopleMover,None,Attraction,,28.418579,-81.5812062,Magic Kingdom,Magic Kingdom,Tomorrowland,"Bus, Boat, Monorail",10,
Walt Disney's Carousel of Progress,None,Attraction,,28.418579,-81.5812062,Magic Kingdom,Magic Kingdom,Tomorrowland,"Bus, Boat, Monorail",10,
Buzz Lightyear's Space Ranger Spin,None,Attraction,,28.418579,-81.5812062,Magic Kingdom,Magic Kingdom,Tomorrowland,"Bus, Boat, Monorail",10,
Monsters Inc. Laugh Floor,None,Attraction,,28.418579,-81.5812062,Magic Kingdom,Magic Kingdom,Tomorrowland,"Bus, Boat, Monorail",10,
City Hall,None,Guest Services,,28.418579,-81.5812062,Magic Kingdom,Magic Kingdom,"Main Street, USA","Bus, Boat, Monorail",10,
Old Key West,Deluxe Villas $$$$,Resort,,28.3752726,-81.533391,Disney Springs,Old Key West,Old Key West,"Bus, Boat",10,
Good's Food To Go,Medium $$,Dining,,28.3752726,-81.533391,Disney Springs,Old Key West,Old Key West,"Bus, Boat",10,
Gurgling Suitcase,Medium $$,Dining,,28.3752726,-81.533391,Disney Springs,Old Key West,Old Key West,"Bus, Boat",10,
Olivia's Café,Medium $$,Dining,,28.3752726,-81.533391,Disney Springs,Old Key West,Old Key West,"Bus, Boat",10,
Turtle Shack Poolside Snacks,Medium $$,Dining,,28.3752726,-81.533391,Disney Springs,Old Key West,Old Key West,"Bus, Boat",10,
Polynesian,Deluxe $$$,Resort,,28.4054556,-81.5851827,Magic Kingdom,Polynesian,Polynesian,"Bus, Boat, Monorail",10,
Barefoot Pool Bar,Medium $$,Dining,,28.4054556,-81.585183,Magic Kingdom,Polynesian,Polynesian,"Bus, Boat, Monorail",10,
Captain Cook's,Medium $$,Dining,,28.4054556,-81.585183,Magic Kingdom,Polynesian,Polynesian,"Bus, Boat, Monorail",10,
Kona Café,Medium $$,Dining,,28.4054556,-81.585183,Magic Kingdom,Polynesian,Polynesian,"Bus, Boat, Monorail",10,
Kona Island Sushi Bar,Medium $$,Dining,,28.4054556,-81.585183,Magic Kingdom,Polynesian,Polynesian,"Bus, Boat, Monorail",10,
Oasis Bar & Grill,Medium $$,Dining,,28.4054556,-81.585183,Magic Kingdom,Polynesian,Polynesian,"Bus, Boat, Monorail",10,
Ohana,Medium $$,Dining,,28.4054556,-81.585183,Magic Kingdom,Polynesian,Polynesian,"Bus, Boat, Monorail",10,
Pineapple Lanai,Medium $$,Dining,,28.4054556,-81.585183,Magic Kingdom,Polynesian,Polynesian,"Bus, Boat, Monorail",10,
Spirit of Aloha Dinner Show at Luau Cove,Medium $$,Dining,,28.4054556,-81.585183,Magic Kingdom,Polynesian,Polynesian,"Bus, Boat, Monorail",10,
Tambu Lounge,Medium $$,Dining,,28.4054556,-81.585183,Magic Kingdom,Polynesian,Polynesian,"Bus, Boat, Monorail",10,
Trader Sam's Grog Grotto,Medium $$,Dining,,28.4054556,-81.585183,Magic Kingdom,Polynesian,Polynesian,"Bus, Boat, Monorail",10,
Everything Pop,Medium $$,Dining,,28.3504105,-81.5428456,Hollywood Studios,Pop Century,Pop Century,"Bus, Skyliner",10,
Petals Pool Bar,Medium $$,Dining,,28.3504105,-81.5428456,Hollywood Studios,Pop Century,Pop Century,"Bus, Skyliner",10,
Pop Century,Value $,Resort,,28.3504105,-81.5428456,Hollywood Studios,Pop Century,Pop Century,"Bus, Skyliner",10,
Mardi Grogs,Medium $$,Dining,,28.3801785,-81.5367063,Disney Springs,Port Orleans French Quarter,Port Orleans French Quarter,"Bus, Boat",10,
Sassagoula Floatworks & Food Factory,Medium $$,Dining,,28.3801785,-81.5367063,Disney Springs,Port Orleans French Quarter,Port Orleans French Quarter,"Bus, Boat",10,
Scat Cat's Club,Medium $$,Dining,,28.3801785,-81.5367063,Disney Springs,Port Orleans French Quarter,Port Orleans French Quarter,"Bus, Boat",10,
Port Orleans French Quarter,Moderate $$,Resort,,28.3801785,-81.5367063,Disney Springs,Port Orleans French Quarter,Port Orleans French Quarter,"Bus, Boat",10,
Boatwright's Dining Hall,Medium $$,Dining,,28.3863204,-81.5368644,Disney Springs,Port Orleans Riverside,Port Orleans Riverside,"Bus, Boat",10,
Muddy Rivers,Medium $$,Dining,,28.3863204,-81.5368644,Disney Springs,Port Orleans Riverside,Port Orleans Riverside,"Bus, Boat",10,
River Roost,Medium $$,Dining,,28.3863204,-81.5368644,Disney Springs,Port Orleans Riverside,Port Orleans Riverside,"Bus, Boat",10,
Riverside Mill,Medium $$,Dining,,28.3863204,-81.5368644,Disney Springs,Port Orleans Riverside,Port Orleans Riverside,"Bus, Boat",10,
Port Orleans Riverside,Moderate $$,Resort,,28.3863204,-81.5368644,Disney Springs,Port Orleans Riverside,Port Orleans Riverside,"Bus, Boat",10,
Topolino's Terrace,High $$$,Dining,,28.3660327,-81.5415916,Epcot,Riviera,Riviera,"Bus, Skyliner",10,
Riviera,Deluxe $$$,Resort,,28.3660327,-81.5415916,Epcot,Riviera,Riviera,"Bus, Skyliner",10,
Bar Riva,Medium $$,Dining,,28.3660327,-81.5415916,Epcot,Riviera,Riviera,"Bus, Skyliner",10,
Le Petit Café,Medium $$,Dining,,28.3660327,-81.5415916,Epcot,Riviera,Riviera,"Bus, Skyliner",10,
Primo Piatto,Medium $$,Dining,,28.3660327,-81.5415916,Epcot,Riviera,Riviera,"Bus, Skyliner",10,
Saratoga Springs,Deluxe Villas $$$$,Resort,,28.3764023,-81.5229652,Disney Springs,Saratoga Springs,Saratoga Springs,"Bus, Boat",10,
On The Rocks,Medium $$,Dining,,28.3764023,-81.522965,Disney Springs,Saratoga Springs,Saratoga Springs,"Bus, Boat",10,
The Artist's Palette,Medium $$,Dining,,28.3764023,-81.522965,Disney Springs,Saratoga Springs,Saratoga Springs,"Bus, Boat",10,
The Turf Club Bar & Grill,Medium $$,Dining,,28.3764023,-81.522965,Disney Springs,Saratoga Springs,Saratoga Springs,"Bus, Boat",10,
The Turf Club Lounge,Medium $$,Dining,,28.3764023,-81.522965,Disney Springs,Saratoga Springs,Saratoga Springs,"Bus, Boat",10,
Garden Grove,Medium $$,Dining,,28.3652056,-81.5592999,Epcot,Swan,Swan,"Bus, Skyliner",10,
Il Mulino,Medium $$,Dining,,28.3652056,-81.5592999,Epcot,Swan,Swan,"Bus, Skyliner",10,
Kimonos,Medium $$,Dining,,28.3652056,-81.5592999,Epcot,Swan,Swan,"Bus, Skyliner",10,
Swan,Value $,Resort,,28.3652056,-81.5592999,Epcot,Swan,Swan,"Bus, Skyliner",10,
Wilderness Lodge,Deluxe $$$,Resort,,28.4090888,-81.5730225,Magic Kingdom,Wilderness Lodge,Wilderness Lodge,"Bus, Boat",10,
Artist Point,Medium $$,Dining,,28.4090888,-81.573023,Magic Kingdom,Wilderness Lodge,Wilderness Lodge,"Bus, Boat",10,
Crockett's Tavern,Medium $$,Dining,,28.4090888,-81.573023,Magic Kingdom,Wilderness Lodge,Wilderness Lodge,"Bus, Boat",10,
Geyser Point Bar & Grill,Medium $$,Dining,,28.4090888,-81.573023,Magic Kingdom,Wilderness Lodge,Wilderness Lodge,"Bus, Boat",10,
Hoop-Dee-Doo Musical Revue,Medium $$,Dining,,28.4090888,-81.573023,Magic Kingdom,Wilderness Lodge,Wilderness Lodge,"Bus, Boat",10,
Meadow Snack Bar,Medium $$,Dining,,28.4090888,-81.573023,Magic Kingdom,Wilderness Lodge,Wilderness Lodge,"Bus, Boat",10,
P & J's Southern Takeout,Medium $$,Dining,,28.4090888,-81.573023,Magic Kingdom,Wilderness Lodge,Wilderness Lodge,"Bus, Boat",10,
Roaring Fork,Medium $$,Dining,,28.4090888,-81.573023,Magic Kingdom,Wilderness Lodge,Wilderness Lodge,"Bus, Boat",10,
Territory Lounge,Medium $$,Dining,,28.4090888,-81.573023,Magic Kingdom,Wilderness Lodge,Wilderness Lodge,"Bus, Boat",10,
Trail's End Restaurant,Medium $$,Dining,,28.4090888,-81.573023,Magic Kingdom,Wilderness Lodge,Wilderness Lodge,"Bus, Boat",10,
Trout Pass Pool Bar,Medium $$,Dining,,28.4090888,-81.573023,Magic Kingdom,Wilderness Lodge,Wilderness Lodge,"Bus, Boat",10,
Whispering Canyon Café,Medium $$,Dining,,28.4090888,-81.573023,Magic Kingdom,Wilderness Lodge,Wilderness Lodge,"Bus, Boat",10,
Yachtsman Steakhouse,High $$$,Dining,,28.3709572,-81.5587126,Epcot,Yacht Club,Yacht Club,"Bus, Skyliner",10,
Yacht Club,Deluxe $$$,Resort,,28.3709572,-81.5587126,Epcot,Yacht Club,Yacht Club,"Bus, Skyliner",10,
Ale & Compass,Medium $$,Dining,,28.3709572,-81.5587126,Epcot,Yacht Club,Yacht Club,"Bus, Skyliner",10,
Ale & Compass Lounge,Medium $$,Dining,,28.3709572,-81.5587126,Epcot,Yacht Club,Yacht Club,"Bus, Skyliner",10,
Beaches & Cream,Medium $$,Dining,,28.3709572,-81.5587126,Epcot,Yacht Club,Yacht Club,"Bus, Skyliner",10,
Crew's Cup Lounge,Medium $$,Dining,,28.3709572,-81.5587126,Epcot,Yacht Club,Yacht Club,"Bus, Skyliner",10,
Hurricane Hanna's Grille,Medium $$,Dining,,28.3709572,-81.5587126,Epcot,Yacht Club,Yacht Club,"Bus, Skyliner",10,